[{"Id":1,"x_cortinate":27,"y_cortinate":157,"penSize":1,"reatSize":20,"penColor":"Red","reactString":"0","solid":false},{"Id":2,"x_cortinate":43,"y_cortinate":183,"penSize":1,"reatSize":20,"penColor":"Red","reactString":"0","solid":false},{"Id":3,"x_cortinate":22,"y_cortinate":131,"penSize":1,"reatSize":20,"penColor":"Red","reactString":"0","solid":false},{"Id":4,"x_cortinate":51,"y_cortinate":155,"penSize":1,"reatSize":20,"penColor":"Red","reactString":"0","solid":false},{"Id":5,"x_cortinate":49,"y_cortinate":150,"penSize":1,"reatSize":20,"penColor":"Red","reactString":"0","solid":false}]